file,group_id,peak_in_group,n_peaks_in_group,theoretical_energy_keV,theoretical_energy_keV_err,clicked_center_ADC,center_ADC,center_ADC_err,sigma_ADC,sigma_ADC_err,amplitude_counts_per_s,amplitude_counts_per_s_err,gaussian_area_counts,fit_xmin,fit_xmax,background_slope,background_intercept
calibration/daily/Co60_21.9C_preamp100_mar5.csv,1,1,2,1173.228,0.003,652,649.0758647154506,0.2236190115384584,14.749785136516978,0.2970550317422767,5.958859832180194,0.087479268,220.3123271237105,597,792,-0.005121428,3.9973368831119473
calibration/daily/Co60_21.9C_preamp100_mar5.csv,1,2,2,1332.494,0.002,732,734.2055554068587,0.2821246669639414,16.329201184625326,0.3699671442261081,5.032531102618766,0.083151819,205.9877252414959,597,792,-0.005121428,3.9973368831119473
calibration/daily/Co60_22.4C_preamp100_feb26.csv,1,1,2,1173.228,0.003,652,651.1422313168698,0.1840834446705254,14.86428951672442,0.2390542874515789,14.550274602656144,0.1728240263027044,542.1322954891963,596,815,-0.011298837,9.124644927089696
calibration/daily/Co60_22.4C_preamp100_feb26.csv,1,2,2,1332.494,0.002,740,737.3342325996165,0.2296091056636683,16.27041532725255,0.2698369168790389,12.265332058301796,0.1581762134869263,500.22786883964216,596,815,-0.011298837,9.124644927089696
calibration/daily/Co60_22.5C_preamp100_mar3.csv,1,1,2,1173.228,0.003,645,648.6843169238734,0.2228259549067435,14.592460546115891,0.2922195543470666,4.4662194676913645,0.065575807,163.36481384475212,596,790,-0.003906658,3.0434453248450075
calibration/daily/Co60_22.5C_preamp100_mar3.csv,1,2,2,1332.494,0.002,731,733.6875082541825,0.2856496562523629,16.37371735444776,0.3807270758973873,3.746268302847812,0.063010492,153.75742642026688,596,790,-0.003906658,3.0434453248450075
calibration/daily/Cs_21.9C_preamp0_mar5.csv,1,1,1,34.55,2.75,25,26.39897034417232,0.2143156924068924,3.6707126041033606,0.2989012455140367,6.714980745257526,0.6242307925162734,61.78528992496243,21,38,0.2978556997023981,-7.165365007
calibration/daily/Cs_21.9C_preamp0_mar5.csv,2,1,1,661.657,0.003,508,505.1796378130598,0.1802305467083869,14.941342859856464,0.2045229945087409,38.22821666669679,0.406552167,1431.7381741620602,423,571,-0.007229756,3.972269441446564
calibration/daily/Cs_21.9C_preamp0_mar5.csv,3,1,1,1323.314,0.004242641,989,996.2799733663512,11.16208322610062,36.29705186483661,12.923511406285025,0.134215767,0.097194355,12.211382192492623,911,1023,-0.000961493,0.9062042064622552
calibration/daily/Cs_22.0C_preamp0_mar3.csv,1,1,1,34.55,2.75,26,27.29665710678943,0.088788654,3.152503349720124,0.1381593085962052,4.331147368608086,0.1464168713225636,34.22539364323405,21,35,0.214594102,-4.688065909
calibration/daily/Cs_22.0C_preamp0_mar3.csv,2,1,1,661.657,0.003,502,505.6710762814463,0.1832721777539045,14.848870640139223,0.2082099643654866,28.570615783131142,0.3097513388220854,1063.415433044461,433,572,-0.006129815,3.3577509205283413
calibration/daily/Cs_22.0C_preamp0_mar3.csv,3,1,1,1323.314,0.004242641,989,987.3463189237716,3.723048017982767,21.613111943172687,5.226239236215156,0.0329837,0.008546843,1.7869261597886787,922,1023,-0.000142579,0.1548685177971585
calibration/daily/Cs_22.4C_preamp0_feb26.csv,1,1,1,661.657,0.003,498,503.1217064772316,0.164891411,15.484002737514096,0.184903835,91.45122804064265,0.8574901480297902,3549.463506112879,429,588,-0.012007078,7.268497486508396
calibration/daily/Cs_22.4C_preamp0_feb26.csv,2,1,1,1323.314,0.004242641,983,994.9276997,4.064987034097138,24.55834876386904,5.612250312305037,0.2369434242854788,0.081474135,14.585917654686591,912,1023,-0.000888372,1.0185514150068358
calibration/feb_24/preamp_0/Ba_22.4C_preamp0_feb24.csv,1,1,6,53.15,0.05,24,41.68164562944871,0.8477239230921656,22.31473848,1.1194287329620336,39.63704093,2.142899152,2217.0881503526484,20,311,0.070301284,-5.284474846
calibration/feb_24/preamp_0/Ba_22.4C_preamp0_feb24.csv,1,2,6,80.299,0.989831299,61,62.15988531,0.043051574,4.384747305060247,0.056124807,170.9025460129889,1.7022872573255443,1878.378188705257,20,311,0.070301284,-5.284474846
calibration/feb_24/preamp_0/Ba_22.4C_preamp0_feb24.csv,1,3,6,106.3,0.070710678,90,90.12296404546927,0.8024779329951675,4.982876599244496,0.9563899699781806,10.289992825184932,1.5072746915949171,128.5242677296924,20,311,0.070301284,-5.284474846
calibration/feb_24/preamp_0/Ba_22.4C_preamp0_feb24.csv,1,4,6,160.605,0.015,117,123.73215414029494,1.7158090667402872,21.726615001495244,2.5027176556364417,13.523722333988005,1.2204941141046162,736.5093222057615,20,311,0.070301284,-5.284474846
calibration/feb_24/preamp_0/Ba_22.4C_preamp0_feb24.csv,1,5,6,302.851,0.015,232,231.7576515715268,0.4827841528188888,11.48791713937027,0.5657043682143219,23.79420576,0.964730653,685.1764718668344,20,311,0.070301284,-5.284474846
calibration/feb_24/preamp_0/Ba_22.4C_preamp0_feb24.csv,1,6,6,369.928,19.69011293,278,277.09563213692326,0.1528194876789892,10.724967484493538,0.2048346220236095,75.29538386303551,1.0707820761614852,2024.2039596578568,20,311,0.070301284,-5.284474846
calibration/feb_24/preamp_0/Cs_22.1C_preamp0_feb24.csv,1,1,1,34.55,2.75,26,22.525427245789967,1.952491170324546,6.322307555,2.177923319246703,15.974868786313818,13.38218501,253.16452675600587,21,32,1.2509016593035864,-37.68460415
calibration/feb_24/preamp_0/Cs_22.1C_preamp0_feb24.csv,2,1,1,661.657,0.003,502,505.19631186114486,0.1942602671318775,15.245587172939508,0.222905177,74.00200328692898,0.82639784,2827.988026106896,438,572,-0.014550584,8.260809322341828
calibration/feb_24/preamp_0/Cs_22.1C_preamp0_feb24.csv,3,1,1,1323.314,0.004242641,993,1014.6456342117524,55.37582274649974,45.930846126150165,59.305928710010896,0.5017137316532448,1.6609820278938792,57.76308338327488,923,1023,-0.004182115,3.912739942182536
calibration/feb_24/preamp_100/Co60_22.5C_preamp100_feb24.csv,1,1,2,1173.228,0.003,649,651.5005779554896,0.191359831,14.912150271598282,0.242716925,14.47907916311113,0.1759153829312463,541.2166493293681,594,795,-0.012599046,9.940893293990122
calibration/feb_24/preamp_100/Co60_22.5C_preamp100_feb24.csv,1,2,2,1332.494,0.002,741,737.6167003081717,0.2411583032279337,16.571609876452765,0.3209106427567322,12.27148519519205,0.1723922530394055,509.74357757909416,594,795,-0.012599046,9.940893293990122
calibration/feb_24/preamp_100/Na_22.5C_preamp100_feb24.csv,1,1,1,511.006,,294,295.40097928556634,0.042314648,9.693853149,0.050739684,15.31772886591392,0.058799831,372.2037535209238,253,329,-0.006575032,2.2871006246448387
calibration/feb_24/preamp_100/Na_22.5C_preamp100_feb24.csv,2,1,1,1274.537,0.008,710,706.7084844,0.3228013375458949,16.28623582982253,0.4066870935715153,2.083311302906748,0.036682136,85.04814067822801,643,756,-0.000784194,0.609060445
calibration/feb_24/preamp_100/Na_22.5C_preamp100_feb24.csv,3,1,1,1785.363,0.008,989,991.5907800761172,1.2461625990743264,19.19090244382993,1.7891722719038576,0.1025026816000072,0.010178164,4.9308360117591485,939,1023,-0.00036837,0.352545213
data/Co57_runs_overnight/Co57_22.2C_preamp0_feb25_overnight.csv,1,1,1,14.4136,0.0003,9,9.417134347867623,0.131459763,0.6041461297572431,0.3028559348403046,0.015128193,0.004873827,0.022909678,7,20,-0.000201439,0.004039808
data/Co57_runs_overnight/Co57_22.2C_preamp0_feb25_overnight.csv,2,1,1,122.06,0.01,101,103.61171013300846,0.017590305,4.345673735677099,0.021927996,1.9670428288068185,0.007003322,21.42697522,88,117,0.003460573,-0.156599984
data/feb_24/Na22/Na_22.5C_feb24_run1.csv,1,1,1,511.006,,290,295.35829443456765,0.04213658,9.763087287074107,0.053844503,15.31369080881132,0.060344859,374.76323618355815,244,325,-0.007689164,2.540138736685709
data/feb_24/Na22/Na_22.5C_feb24_run1.csv,2,1,1,1274.537,0.008,708,706.4629323027395,0.3444840617453281,16.19399167395845,0.4250995047598276,2.0939663997041627,0.039015269,84.99894874074666,648,760,-0.000685291,0.5441092446799787
data/feb_24/Na22/Na_22.5C_feb24_run1.csv,3,1,1,1785.363,0.008,979,991.0212796,1.6125319822575106,20.53494672865021,2.2820761922430486,0.1081776350685576,0.014106342,5.568279128321281,937,1022,-0.000370611,0.3482075085427866
data/feb_24/co60/Co_22.4C_feb24_run1.csv,1,1,2,1173.228,0.003,652,650.5445406937112,0.188358139,14.862191116827574,0.2483034089309515,14.480000284460958,0.1772787814953614,539.4377637357175,597,808,-0.011551499,9.266211029273627
data/feb_24/co60/Co_22.4C_feb24_run1.csv,1,2,2,1332.494,0.002,735,736.6008895568606,0.2367772441099285,16.353132143407297,0.2848469395175875,12.164878455811232,0.162301319,498.6532505308634,597,808,-0.011551499,9.266211029273627
data/feb_26/co60/Co_22.8C_feb26_run1.csv,1,1,2,1173.228,0.003,647,650.6826423379538,0.1957356574762268,14.913668132089038,0.2633737164738492,14.600645469025244,0.1869498011743747,545.816254,599,799,-0.012090035,9.600858550483084
data/feb_26/co60/Co_22.8C_feb26_run1.csv,1,2,2,1332.494,0.002,737,736.8207255132596,0.2474774903842455,16.478581568177503,0.3141865096072736,12.268609938969789,0.1734460016687123,506.7632575921397,599,799,-0.012090035,9.600858550483084
data/feb_26/cs137/Cs_22.4C_feb26_run1.csv,1,1,1,661.657,0.003,504,503.19080252323846,0.1862429146671071,15.47296343205518,0.2147794460505729,91.29322119979422,0.9631750534035344,3540.8046291747914,439,573,-0.017187755,9.949679677375102
data/feb_26/cs137/Cs_22.4C_feb26_run1.csv,2,1,1,1323.314,0.004242641,993,1008.1943561542304,34.18321247,40.96999386821914,37.21810224175251,0.5658125710560575,1.2439946836109876,58.10699618852615,923,1023,-0.004327471,4.130032251029869
data/feb_26/na22/Na_22.6C_feb26_run1.csv,1,1,1,511.006,,297,295.0399401,0.046468405,9.692085569,0.056436723,15.19690289493154,0.063633407,369.2004846,260,329,-0.007821691,2.6810021774950843
data/feb_26/na22/Na_22.6C_feb26_run1.csv,2,1,1,1274.537,0.008,709,705.8412272592964,0.328534585,16.15407927409069,0.3997997261341335,2.054572937317702,0.036496328,83.19432593214887,649,764,-0.000732966,0.5902387217057247
data/feb_26/na22/Na_22.6C_feb26_run1.csv,3,1,1,1785.363,0.008,991,989.0594577834484,1.060765414828584,18.220325737318376,1.5927950592723006,0.1034953669962936,0.008113678,4.726797312830036,940,1023,-0.000213723,0.2043852566745679
data/mar_3/co60/Co_22.5C_mar3_run1.csv,1,1,2,1173.228,0.003,647,648.2071430826014,0.2267573642180706,14.702265800242213,0.2911700394659635,4.420823538316338,0.064847884,162.92111894204896,593,786,-0.003942177,3.047771284241459
data/mar_3/co60/Co_22.5C_mar3_run1.csv,1,2,2,1332.494,0.002,735,733.3185142734274,0.2855005352294211,16.413740654756673,0.3993507086412913,3.772539406790415,0.065165316,155.21414118002087,593,786,-0.003942177,3.047771284241459
data/mar_3/cs137/Cs_22.5C_mar3_run1.csv,1,1,1,34.55,2.75,27,27.42869001044449,0.097690157,3.291692900122333,0.1356171071988387,4.499232399391088,0.1331858231894457,37.12339372,20,38,0.1896669911839546,-4.113273848
data/mar_3/cs137/Cs_22.5C_mar3_run1.csv,2,1,1,661.657,0.003,503,505.10590869487305,0.1830043262623949,14.80907672376665,0.208049193,28.712067463978663,0.3114466078843509,1065.8163620666394,435,572,-0.006383293,3.5058504460344584
data/mar_3/cs137/Cs_22.5C_mar3_run1.csv,3,1,1,1323.314,0.004242641,982,986.8763056932096,6.3664996585675375,32.07217504,9.725614472596185,0.066657918,0.030152946,5.358831401436502,925,1023,-0.000307964,0.298173873
data/mar_3/na22/Na_22.5C_mar3_run1.csv,1,1,1,511.006,,296,294.5077745845487,0.048614565,9.612080097,0.058275113,4.245071881677427,0.018741688,102.28038728647968,259,330,-0.001025131,0.3989071730785964
data/mar_3/na22/Na_22.5C_mar3_run1.csv,2,1,1,1274.537,0.008,703,703.3231096998173,0.3460808131833976,16.32090382617671,0.4480132933832187,0.5987252924201418,0.01168395,24.494114552250323,617,752,-0.000297577,0.2300966317191075
data/mar_5/co60/Co_22.0C_mar5_run1.csv,1,1,2,1173.228,0.003,647,649.0855938097156,0.2208411176151332,14.80070945880782,0.2933960118966536,5.957421275705214,0.086053421,221.01959545804127,597,785,-0.005553987,4.263616359170711
data/mar_5/co60/Co_22.0C_mar5_run1.csv,1,2,2,1332.494,0.002,732,734.2449163576334,0.2826741669477622,16.620019635604088,0.4096547119161231,5.035720039722596,0.087157164,209.78916011453663,597,785,-0.005553987,4.263616359170711
data/mar_5/cs137/Cs_21.9C_mar5_run1.csv,1,1,1,34.55,2.75,26,26.451463158610228,0.1139220176958003,3.538816699523448,0.1636837221907199,6.282100089536319,0.2538722096188787,55.72535626597133,20,37,0.2773077559310564,-6.316291026
data/mar_5/cs137/Cs_21.9C_mar5_run1.csv,2,1,1,661.657,0.003,505,505.21445769625126,0.195274901,14.953998939535524,0.226796343,38.14128257624465,0.4379662556804384,1429.692281860328,433,564,-0.009144552,4.919962187
data/mar_5/cs137/Cs_21.9C_mar5_run1.csv,3,1,1,1323.314,0.004242641,986,991.7098627830431,9.651986305773196,34.13272638722983,14.508226482155012,0.075163529,0.053968569,6.430845515694326,933,1023,-0.000397302,0.386279835
data/mar_5/na22/Na_22.1C_mar5_run1.csv,1,1,1,511.006,,294,294.77087314272933,0.05124945,9.610273381347533,0.062154401,5.787871246096765,0.026972194,139.42624711289128,259,328,-0.002182062,0.7771021749455165
data/mar_5/na22/Na_22.1C_mar5_run1.csv,2,1,1,1274.537,0.008,701,704.1102138112974,0.3901092252811668,16.26184932540839,0.505257034,0.8105683744148067,0.017306012,33.04072147833309,655,756,-0.000416661,0.3196358311885655
data/mystery/mystery_10cmdistance_angle0_preamp0.csv,1,1,11,,,49,46.95919500507849,0.3304133013532661,9.348778425795215,0.6648244949096416,11.603111292213098,0.7395544313677396,271.9062928,29,775,-0.009846744,7.307221893370406
data/mystery/mystery_10cmdistance_angle0_preamp0.csv,1,2,11,,,94,83.93744785905311,8.340047171384535,6.570062895711272,11.12453412582204,0.2871211209725139,0.4167845151160707,4.728513161298324,29,775,-0.009846744,7.307221893370406
data/mystery/mystery_10cmdistance_angle0_preamp0.csv,1,3,11,,,119,177.7473164477369,1.8696022210102488,69.86329258157315,4.4821286033583405,13.673260751186971,1.2194046477691405,2394.4792601152576,29,775,-0.009846744,7.307221893370406
data/mystery/mystery_10cmdistance_angle0_preamp0.csv,1,4,11,,,173,174.86982365777163,0.2056663371292624,9.742703334908969,0.2566886710809392,14.03220251,0.2958069219432658,342.6851275102516,29,775,-0.009846744,7.307221893370406
data/mystery/mystery_10cmdistance_angle0_preamp0.csv,1,5,11,,,248,252.55636557723977,0.4832970339529399,11.207326986370644,0.6220213885814828,6.470012217180805,0.2924807315048992,181.75948272716045,29,775,-0.009846744,7.307221893370406
data/mystery/mystery_10cmdistance_angle0_preamp0.csv,1,6,11,,,381,387.0369845821864,3.5154252944449182,61.030929449953945,4.852047519538574,6.915510837387717,0.8710519700842687,1057.947665,29,775,-0.009846744,7.307221893370406
data/mystery/mystery_10cmdistance_angle0_preamp0.csv,1,7,11,,,435,440.2223255307521,0.4294395668184473,12.722792696824596,0.6044576057704298,8.421350632476372,0.3485355896788814,268.5679196911835,29,775,-0.009846744,7.307221893370406
data/mystery/mystery_10cmdistance_angle0_preamp0.csv,1,8,11,,,550,550.1255078123999,11.28341062107925,31.042372204976694,10.237659465091848,3.3163643062296293,0.8548360267274465,258.0519042947491,29,775,-0.009846744,7.307221893370406
data/mystery/mystery_10cmdistance_angle0_preamp0.csv,1,9,11,,,590,602.0818086641289,12.91835611151336,20.64437899084487,11.60551277,1.3211391003215374,1.2800464514499312,68.36602091715443,29,775,-0.009846744,7.307221893370406
data/mystery/mystery_10cmdistance_angle0_preamp0.csv,1,10,11,,,681,678.5983947427565,3.4677858455827213,10.198676911516966,4.379790140469978,1.0452814692353645,0.3840485555564362,26.721880607891965,29,775,-0.009846744,7.307221893370406
data/mystery/mystery_10cmdistance_angle0_preamp0.csv,1,11,11,,,728,696.6524751867971,2.5262702474122145,42.89594979,4.999605434463225,7.196808268,0.7514771855200735,773.8310560303605,29,775,-0.009846744,7.307221893370406
data/mystery/mystery_10cmdistance_angle0_preamp100.csv,1,1,11,,,35,35.50623243327817,0.4075305678024888,3.868425560998917,0.4394057732670628,10.843424365421432,1.0166357243731117,105.14548606316154,23,576,-0.03996324,21.387483420731385
data/mystery/mystery_10cmdistance_angle0_preamp100.csv,1,2,11,,,128,129.3920195257958,0.3699234556876103,13.940951264285657,0.4159710804283848,25.97588379,0.5648328783697878,907.7216123109188,23,576,-0.03996324,21.387483420731385
data/mystery/mystery_10cmdistance_angle0_preamp100.csv,1,3,11,,,182,182.4028219,0.8626438864650269,15.38491673809877,0.9931757002611078,11.772506451667956,0.5603113078960444,453.9980855761701,23,576,-0.03996324,21.387483420731385
data/mystery/mystery_10cmdistance_angle0_preamp100.csv,1,4,11,,,224,274.0161666,29.878169292539848,27.547220366865897,15.405907897859564,2.696007920470195,1.7224738521594376,186.1610762872193,23,576,-0.03996324,21.387483420731385
data/mystery/mystery_10cmdistance_angle0_preamp100.csv,1,5,11,,,251,255.96842617109888,0.399880989,0.5000000000000001,0.21401568,6.942449750053245,2.197701678669827,8.701070419344195,23,576,-0.03996324,21.387483420731385
data/mystery/mystery_10cmdistance_angle0_preamp100.csv,1,6,11,,,289,287.0884830671402,3.534957835000159,8.783035831,5.157299452,3.6678399753443056,2.7276705994722925,80.75045315458095,23,576,-0.03996324,21.387483420731385
data/mystery/mystery_10cmdistance_angle0_preamp100.csv,1,7,11,,,326,326.7879855298845,1.279646738707968,10.431749323365612,1.3175332292011834,13.91126579525195,1.8538004873018687,363.7589813763384,23,576,-0.03996324,21.387483420731385
data/mystery/mystery_10cmdistance_angle0_preamp100.csv,1,8,11,,,404,408.2950302045092,11.889949083752317,12.60814452864825,8.563324143080106,2.5427272731085755,1.310962252833968,80.36017873069098,23,576,-0.03996324,21.387483420731385
data/mystery/mystery_10cmdistance_angle0_preamp100.csv,1,9,11,,,443,439.60414195782255,16.981957756752152,13.536456836529943,12.995525445700416,1.8933178094556795,0.9353722619435352,64.24191183682366,23,576,-0.03996324,21.387483420731385
data/mystery/mystery_10cmdistance_angle0_preamp100.csv,1,10,11,,,505,523.4855227432487,2.277937247328303,32.97294418768841,3.095820456986632,9.596886697479713,0.9276565608782954,793.1914590079421,23,576,-0.03996324,21.387483420731385
data/mystery/mystery_10cmdistance_angle0_preamp100.csv,1,11,11,,,541,507.8699098,2.929181618748447,8.015549072,3.613384320700893,2.491422194517718,0.9033500621933398,50.05765956603253,23,576,-0.03996324,21.387483420731385
data/mystery/mystery_10cmdistance_angle180_preamp0.csv,1,1,11,,,44,48.12854978514227,0.4003054859081224,5.771877078958703,0.4371172621190601,7.846196716570043,0.4861578430746502,113.51838401234804,26,786,-0.019666054,14.512719603482411
data/mystery/mystery_10cmdistance_angle180_preamp0.csv,1,2,11,,,173,174.4413705290871,0.385097227,21.461578403256144,0.4497301763211358,18.474535686457656,0.27106403,993.8598027255892,26,786,-0.019666054,14.512719603482411
data/mystery/mystery_10cmdistance_angle180_preamp0.csv,1,3,11,,,250,247.4108418,0.7272599757396327,19.518772389351337,0.9202108902701956,9.515154417,0.3010656230000269,465.54136383416727,26,786,-0.019666054,14.512719603482411
data/mystery/mystery_10cmdistance_angle180_preamp0.csv,1,4,11,,,299,306.8879246338123,5.389414721,12.41213850195288,5.761309057519803,1.5367321811579957,0.3596987039469633,47.81176027205734,26,786,-0.019666054,14.512719603482411
data/mystery/mystery_10cmdistance_angle180_preamp0.csv,1,5,11,,,343,347.3460865963966,6.070148602803052,13.605981113657112,8.129074299832524,2.073387259950819,0.4313256865155715,70.71315647918173,26,786,-0.019666054,14.512719603482411
data/mystery/mystery_10cmdistance_angle180_preamp0.csv,1,6,11,,,380,385.09760180487086,3.1051184154825275,14.518713418721664,2.9838333776010573,4.799814547851602,0.4139338669384197,174.67973515654035,26,786,-0.019666054,14.512719603482411
data/mystery/mystery_10cmdistance_angle180_preamp0.csv,1,7,11,,,435,438.9443887,0.6088484101387658,15.034908652671223,0.75853061,10.157169330156735,0.3435093675762426,382.79250044631726,26,786,-0.019666054,14.512719603482411
data/mystery/mystery_10cmdistance_angle180_preamp0.csv,1,8,11,,,548,550.4684019572281,12.883568502538605,17.993724790026025,9.227045342,1.801862238,0.5884650026419465,81.27043636974504,26,786,-0.019666054,14.512719603482411
data/mystery/mystery_10cmdistance_angle180_preamp0.csv,1,9,11,,,593,594.8453321089104,14.79203309580356,18.416378859513763,20.747462524131954,1.379590815982376,1.9091849465674409,63.686072864153424,26,786,-0.019666054,14.512719603482411
data/mystery/mystery_10cmdistance_angle180_preamp0.csv,1,10,11,,,678,694.6638535555171,24.92978229,36.57500946043769,45.08889639161632,6.714502404572993,32.54869271253388,615.5852639190631,26,786,-0.019666054,14.512719603482411
data/mystery/mystery_10cmdistance_angle180_preamp0.csv,1,11,11,,,722,785.2803178195106,503.2814504982423,63.42349211597871,1336.7622853637083,1.600828559774954,4.634472618,254.4983134847388,26,786,-0.019666054,14.512719603482411
data/mystery/mystery_10cmdistance_angle180_preamp100.csv,1,1,11,,,36,35.80161504178778,0.4069800278131381,3.921212771399864,0.4396491594009966,10.911816876386563,1.0085460484219462,107.25249690709369,23,585,-0.039520108,21.01698176614735
data/mystery/mystery_10cmdistance_angle180_preamp100.csv,1,2,11,,,133,129.70121933439947,0.3732617874543267,13.959427116752314,0.4197098217855071,25.83973071380438,0.5641004781027624,904.1604646489184,23,585,-0.039520108,21.01698176614735
data/mystery/mystery_10cmdistance_angle180_preamp100.csv,1,3,11,,,184,182.7653320376264,0.845074971,15.376406956087278,1.028550765154612,11.879001452029348,0.5789923303506994,457.8515979167672,23,585,-0.039520108,21.01698176614735
data/mystery/mystery_10cmdistance_angle180_preamp100.csv,1,4,11,,,231,229.3479626555961,5.042142905010086,8.053870581561501,5.813549730821971,1.5221577453968334,0.74598508,30.72941146727227,23,585,-0.039520108,21.01698176614735
data/mystery/mystery_10cmdistance_angle180_preamp100.csv,1,5,11,,,259,257.2290098690808,3.266112279179954,7.610184986891243,3.7367955263323966,2.9699731158666585,0.8309975306989577,56.65492460487244,23,585,-0.039520108,21.01698176614735
data/mystery/mystery_10cmdistance_angle180_preamp100.csv,1,6,11,,,284,285.8507501,1.974611758443901,11.588691534619244,2.612905748348961,6.052859986196547,0.7257037444474503,175.8267567220222,23,585,-0.039520108,21.01698176614735
data/mystery/mystery_10cmdistance_angle180_preamp100.csv,1,7,11,,,324,326.73459830563075,0.6095141752398373,10.707240091477862,0.7423140856775764,14.271688019703154,0.6884111640107538,383.0388445763773,23,585,-0.039520108,21.01698176614735
data/mystery/mystery_10cmdistance_angle180_preamp100.csv,1,8,11,,,404,408.0240924980524,15.41515656084348,13.125860623360524,9.48157722,2.513408539952594,2.074813126777822,82.69529655213586,23,585,-0.039520108,21.01698176614735
data/mystery/mystery_10cmdistance_angle180_preamp100.csv,1,9,11,,,438,442.4717939421549,18.313908293764488,16.09428371236108,31.740879087964576,2.167250481084707,5.108328569844678,87.43205679586084,23,585,-0.039520108,21.01698176614735
data/mystery/mystery_10cmdistance_angle180_preamp100.csv,1,10,11,,,505,514.9820635867848,14.57915064582376,25.35774744825607,49.40812698784703,9.257582305,72.50840001016559,588.4345821764269,23,585,-0.039520108,21.01698176614735
data/mystery/mystery_10cmdistance_angle180_preamp100.csv,1,11,11,,,534,567.5459244200191,680.1892373037196,43.001317858384446,638.6917843644046,3.2564842976496604,18.90224639168825,351.0109689130056,23,585,-0.039520108,21.01698176614735
data/mystery/mystery_10cmdistance_angle90_preamp0.csv,1,1,11,,,58,60.36845112,1.1935385739685718,6.684299018372522,1.4423899690041435,1.3341635346039211,0.212660378,22.353980620273653,38,781,-0.003644324,3.328706146769877
data/mystery/mystery_10cmdistance_angle90_preamp0.csv,1,2,11,,,182,159.91279522284256,0.9169096259416648,63.05072980657072,2.6574663478938185,8.036644189705756,0.3752181872301312,1270.1493580645415,38,781,-0.003644324,3.328706146769877
data/mystery/mystery_10cmdistance_angle90_preamp0.csv,1,3,11,,,261,261.2538627638438,2.166944025298076,11.973521112992133,2.4142788562854234,2.2457984152639523,0.786045628,67.40352192,38,781,-0.003644324,3.328706146769877
data/mystery/mystery_10cmdistance_angle90_preamp0.csv,1,4,11,,,322,307.9660778,17.69618139085068,24.98912765769863,26.87427894,1.7204376991654522,0.3392375978899301,107.7655575846766,38,781,-0.003644324,3.328706146769877
data/mystery/mystery_10cmdistance_angle90_preamp0.csv,1,5,11,,,358,352.4132309,10.326212210343746,16.118225509134945,15.337174451961875,1.4168758711831215,2.125940620505481,57.24518541178814,38,781,-0.003644324,3.328706146769877
data/mystery/mystery_10cmdistance_angle90_preamp0.csv,1,6,11,,,392,391.7613700802456,7.772728505996176,18.15394669903636,6.389220753,2.665578226268235,0.4977693388999378,121.29765988476468,38,781,-0.003644324,3.328706146769877
data/mystery/mystery_10cmdistance_angle90_preamp0.csv,1,7,11,,,443,445.1855172182162,1.2958129680591153,15.209477572576082,1.3456731123692596,3.5277216933380253,0.2178661749174429,134.49264871881985,38,781,-0.003644324,3.328706146769877
data/mystery/mystery_10cmdistance_angle90_preamp0.csv,1,8,11,,,551,550.1826325631322,14.368522795644164,76.02264142,27.07478793,0.8230436920386504,0.2087878154718992,156.83961952597883,38,781,-0.003644324,3.328706146769877
data/mystery/mystery_10cmdistance_angle90_preamp0.csv,1,9,11,,,600,604.4829907426804,2.7293363737675893e-13,9.905169441540464,1.7602481720512085e-13,7.654536673467667e-25,0.2065353827689879,1.9005125922198562e-23,38,781,-0.003644324,3.328706146769877
data/mystery/mystery_10cmdistance_angle90_preamp0.csv,1,10,11,,,686,691.1997385608923,5.448089958556708,24.02600185697909,5.586610148554344,2.017284657333306,0.2021636508945618,121.48946678295312,38,781,-0.003644324,3.328706146769877
data/mystery/mystery_10cmdistance_angle90_preamp0.csv,1,11,11,,,727,734.4888448040361,6.043845968,14.96667489417623,5.4188546927871535,0.9868818020943668,0.4669141788392275,37.02374959120053,38,781,-0.003644324,3.328706146769877
data/mystery/mystery_10cmdistance_angle90_preamp100.csv,1,1,11,,,42,46.33299505,1.294519838001852,6.887394429671517,1.742669968920855,2.202421640292376,0.3990150457756246,38.02291028635539,30,585,-0.009260511,4.645310117730708
data/mystery/mystery_10cmdistance_angle90_preamp100.csv,1,2,11,,,139,117.50002885838944,1.5662514870959776,47.44506160204128,2.843529370741477,11.119659874019314,1.3750708357648709,1322.429267676834,30,585,-0.009260511,4.645310117730708
data/mystery/mystery_10cmdistance_angle90_preamp100.csv,1,3,11,,,193,196.7916035573583,1.1144349050342697,9.799243119643586,1.341394734001264,2.549590356548873,0.2782001549301018,62.62574058127196,30,585,-0.009260511,4.645310117730708
data/mystery/mystery_10cmdistance_angle90_preamp100.csv,1,4,11,,,257,255.93574701754343,0.4516560997618485,0.5000000000000001,0.246393566,2.269079006452696,0.8273806149730383,2.843868797472973,30,585,-0.009260511,4.645310117730708
data/mystery/mystery_10cmdistance_angle90_preamp100.csv,1,5,11,,,285,285.8214646492566,13.635885981725217,55.55086806570403,26.09884560403648,3.873848818,3.032685811949696,539.4155375087455,30,585,-0.009260511,4.645310117730708
data/mystery/mystery_10cmdistance_angle90_preamp100.csv,1,6,11,,,334,333.1297074082015,0.9757583838643904,8.725570677,1.2133253271562283,3.4860307329429867,0.3973158238435304,76.24563510946734,30,585,-0.009260511,4.645310117730708
data/mystery/mystery_10cmdistance_angle90_preamp100.csv,1,7,11,,,372,380.2906264329416,15.50977697378401,10.542459122353154,14.343694534395478,0.8141109955309043,1.729837047827561,21.513718432667705,30,585,-0.009260511,4.645310117730708
data/mystery/mystery_10cmdistance_angle90_preamp100.csv,1,8,11,,,410,410.6947607829701,18.301931867915428,14.232960714710863,21.005283612371503,1.6412273257636267,1.758688472904242,58.55364346942199,30,585,-0.009260511,4.645310117730708
data/mystery/mystery_10cmdistance_angle90_preamp100.csv,1,9,11,,,440,444.6604582352809,30.494056806308777,17.033539558814027,39.671126641314096,1.3525679700060582,5.035265037740468,57.75025900964955,30,585,-0.009260511,4.645310117730708
data/mystery/mystery_10cmdistance_angle90_preamp100.csv,1,10,11,,,505,516.7273541142545,19.513546329461825,26.476445649836336,32.11427534979226,2.883761728018083,9.215394729,191.3854820855801,30,585,-0.009260511,4.645310117730708
data/mystery/mystery_10cmdistance_angle90_preamp100.csv,1,11,11,,,547,542.1616995917333,308.5602279752909,58.23240331706128,184.98197836587744,1.4783272089461466,8.839637629027711,215.7869709355288,30,585,-0.009260511,4.645310117730708
data/thickness_effects_behind/Al thickness/Al_16cmpmt_1.3cmthick.csv,1,1,1,661.657,0.003,495,497.4318352313687,0.1560276604656726,16.396757115854502,0.1796975189695445,134.72586080088408,1.123950103,5537.310346132432,429,572,-0.013300425,8.872478913867349
data/thickness_effects_behind/Al thickness/Al_16cmpmt_14.7cmthick.csv,1,1,1,661.657,0.003,496,497.1039301958376,0.1602512630806823,16.37777403251945,0.1862749003206957,135.06981557787327,1.158109520916928,5545.019986,432,570,-0.01398432,9.696150222
data/thickness_effects_behind/Al thickness/Al_16cmpmt_2.3cmthick.csv,1,1,1,661.657,0.003,496,497.3989500558425,0.1504976271201721,16.41681938929321,0.1714717067561338,273.4991216015473,2.1999355637235363,11254.72506434998,421,571,-0.023948935,16.389113642101407
data/thickness_effects_behind/Pb thickness/Pb_13.2cmpmt_0.1cmthick.csv,1,1,1,661.657,0.003,496,498.5770744216045,0.1627663867632029,16.352364799997254,0.1871245147412148,132.84770558006431,1.158965142773106,5445.334453650556,429,572,-0.013628564,8.978403223400298
data/thickness_effects_behind/Pb thickness/Pb_13.2cmpmt_14.5cmthick.csv,1,1,1,661.657,0.003,501,498.5140836822241,0.1655360381662224,16.35983659466451,0.1913392958183494,132.66185020357452,1.1752269518583185,5440.200997228134,429,568,-0.014282578,9.289915918
data/thickness_effects_behind/Pb thickness/Pb_13.2cmpmt_7.5cmthick.csv,1,1,1,661.657,0.003,491,498.12389694756894,0.1621156043949814,16.333814855002082,0.1873251900073114,132.62557619415963,1.152528427040436,5430.062725900024,429,568,-0.014279664,9.285962212650496
data/thickness_effects_behind/Pb thickness/Pb_15.3cmpmt_4.8cmthick.csv,1,1,1,661.657,0.003,498,497.36783989752337,0.1394528784167469,16.39468079,0.1598116010093313,134.99859631007698,1.0188542908446894,5547.817323425101,428,599,-0.011208445,7.873549273283133
data/thickness_effects_behind/Pb thickness/Pb_booster_USED_AS_CONTROL_FOR_7.5CM_RUN.csv,1,1,1,661.657,0.003,492,497.2951002428999,0.1573538215677968,16.345323962494504,0.1808003688899038,132.0317799895952,1.1138846880105473,5409.560037,427,570,-0.014011347,9.058996495
data/thickness_effects_in_front/Pb_11cmpmt_tosource_10cmthick.csv,1,1,4,,,65,68.59134816701196,0.2957763399457872,4.490749745042969,0.3136783979608955,0.5447284191379155,0.031702105,6.131811867370246,32,322,-0.001057944,0.3231001189394674
data/thickness_effects_in_front/Pb_11cmpmt_tosource_10cmthick.csv,1,2,4,,,141,150.28035994129058,0.426648384,11.910756755569627,0.4615071674057736,0.6193593856452978,0.019658226,18.491494507117903,32,322,-0.001057944,0.3231001189394674
data/thickness_effects_in_front/Pb_11cmpmt_tosource_10cmthick.csv,1,3,4,,,237,239.91070930956116,4.179446576647999,7.074668775221923,4.419946285243487,0.049728756,0.026105436,0.8818681129806829,32,322,-0.001057944,0.3231001189394674
data/thickness_effects_in_front/Pb_11cmpmt_tosource_10cmthick.csv,1,4,4,,,282,280.9558603,1.2352852957267042,12.187192001988011,1.523617296217789,0.2211285990877501,0.02165021,6.7552045160550085,32,322,-0.001057944,0.3231001189394674
data/thickness_effects_in_front/Pb_11cmpmt_tosource_10cmthick.csv,2,1,1,,,398,396.5127124005383,1.9714097737765843,11.820065112889004,2.7618451012667613,0.033199596,0.005830073,0.9836545478094326,370,439,-4.63E-05,0.023737374
data/thickness_effects_in_front/Pb_11cmpmt_tosource_10cmthick.csv,3,1,2,,,872,870.4104765749296,1.6072765944508438,19.430687685757647,2.405894921450377,0.02897859,0.002821868,1.411417053275973,820,1023,-5.54E-05,0.05152058
data/thickness_effects_in_front/Pb_11cmpmt_tosource_10cmthick.csv,3,2,2,,,974,980.7945778,2.140641369169142,26.491301986782943,5.1629344682204446,0.02974898,0.005794116,1.9754467136053016,820,1023,-5.54E-05,0.05152058
data/thickness_effects_in_front/Pb_11cmpmt_tosource_5cmthick.csv,1,1,1,661.657,0.003,503,507.86987123576085,0.24390228659087387,14.337767553459038,0.28945458393445833,1.7092374077670514,0.025474191867768003,61.42905841311488,447,560,-0.001246179,0.680546203
