file,day,preamp,feature_label,center_ADC,center_ADC_err,center_keV,center_keV_err,sigma_ADC,sigma_ADC_err,sigma_keV,sigma_keV_err,amplitude_counts_per_s,amplitude_counts_per_s_err,gaussian_area_counts,gaussian_area_counts_err,fit_xmin,fit_xmax,background_slope,background_slope_err,background_intercept,background_intercept_err,fit_chi2,fit_redchi2,calibration_slope_keV_per_ADC,calibration_slope_err,calibration_offset_keV,calibration_offset_err,calibration_extra_sigma_keV,compton_region_length_ADC,compton_region_length_ADC_err,compton_region_length_keV,compton_region_length_keV_err,compton_region_slope_counts_per_s_per_ADC,compton_region_slope_err_per_ADC,compton_region_slope_counts_per_s_per_keV,compton_region_slope_err_per_keV,compton_region_intercept,compton_region_intercept_err,compton_region_redchi2,compton_region_average_drop_per_ADC,compton_region_average_drop_per_keV,compton_region_average_drop_per_keV_err
calibration/daily/Cs_21.9C_preamp0_mar5.csv,mar5,0,backscatter_peak,152.34550027449745,8.495142903899488,196.80944116393192,11.399721417247822,11.411200767152136,12.191034002142652,15.035079122385833,16.062652259693124,3.3833062901575954,4.015823236360908,96.77487002608098,154.5432746720641,134.31000000000006,181.83000000000004,0.0192067185394152,0.1103337935887642,1.883266614515949,20.77120261019972,0.0889481018053044,0.0021178119477453,1.317572044272962,0.0046240263694646,-3.916731068524743,2.043277475970123,0.0,181.05150775060247,19.5404751532069,238.5484051856634,25.96302254588808,-0.0126671752349089,0.0008601983800158,-0.0096140285383018,0.0006537375777996,7.8563503987980114,0.2192383619872785,0.0723814394016924,-0.0126671752349089,-0.0096140285383018,0.0006537375777996
calibration/daily/Cs_21.9C_preamp0_mar5.csv,mar5,0,compton_edge,333.3970080251,17.597236040225816,435.3578463495953,23.32648476147732,5.537147546551697,21.566336134494566,7.295590812351135,28.415213123585595,0.3349100479295903,0.9281653002666592,4.648407655219747,22.2203655213375,313.8300000000001,352.11000000000007,-0.0029994626692664,0.0329724037826468,5.017046066081979,10.972769794020769,2.0813593644978354,0.0612164518969951,1.317572044272962,0.0046240263694646,-3.916731068524743,2.043277475970123,0.0,181.05150775060247,19.5404751532069,238.5484051856634,25.96302254588808,-0.0126671752349089,0.0008601983800158,-0.0096140285383018,0.0006537375777996,7.8563503987980114,0.2192383619872785,0.0723814394016924,-0.0126671752349089,-0.0096140285383018,0.0006537375777996
calibration/daily/Cs_22.0C_preamp0_mar3.csv,mar3,0,backscatter_peak,154.14592095608256,8.569694585993274,199.18162512191927,18.493333989691727,10.640603001369056,17.667129283905833,14.01976104881084,23.27776764689895,2.477300563401927,4.105458833140409,66.0746506579931,155.00354512492666,135.63000000000005,173.91000000000005,0.0165826625536078,0.0832506964596872,1.5216422330465815,14.026323578740149,0.0422968179396925,0.0012817217557482,1.317572044272962,0.0046240263694646,-3.916731068524743,2.043277475970123,14.485489268493806,181.9091416093498,34.04813525854058,239.6783995821707,49.43105567942519,-0.0107361455258785,0.0007278734585287,-0.0081484314823959,0.0005531750841434,6.221884356260934,0.1878937182802136,0.0693036998895401,-0.0107361455258785,-0.0081484314823959,0.0005531750841434
calibration/daily/Cs_22.0C_preamp0_mar3.csv,mar3,0,compton_edge,336.0550625654324,32.952023447531595,438.8600247040901,45.84131175618937,5.3987965153075965,51.186167207835474,7.113303361287573,67.44146758690367,0.2103135725774969,1.453718448195997,2.8461264662415653,33.394145090695055,323.0700000000001,349.4700000000001,-0.0097521578541342,0.0732250712746211,6.278416371621055,25.025002954911777,0.0268503636167789,0.0012785887436561,1.317572044272962,0.0046240263694646,-3.916731068524743,2.043277475970123,14.485489268493806,181.9091416093498,34.04813525854058,239.6783995821707,49.43105567942519,-0.0107361455258785,0.0007278734585287,-0.0081484314823959,0.0005531750841434,6.221884356260934,0.1878937182802136,0.0693036998895401,-0.0107361455258785,-0.0081484314823959,0.0005531750841434
calibration/daily/Cs_22.4C_preamp0_feb26.csv,feb26,0,backscatter_peak,142.8365540737704,16.339436481651898,184.2807194793584,23.94486238913868,10.236122120798775,33.948153553654656,13.486828348128531,44.72916312024188,4.735008646013084,21.661652316551383,121.49157691397689,686.4852131692113,130.35000000000002,159.39000000000004,0.0785430039092281,0.4805257705311933,-0.032053100821357,87.20260463150139,0.0321033898957707,0.0013376412456571,1.317572044272962,0.0046240263694646,-3.916731068524743,2.043277475970123,10.26030551199777,194.855254120957,86.63614451187807,256.73583550947683,115.11667585339278,-0.021419947134553,0.0012094481092026,-0.0162571354087682,0.0009197083908823,16.34397129961393,0.3044853144880668,0.0767488901962965,-0.021419947134553,-0.0162571354087682,0.0009197083908823
calibration/daily/Cs_22.4C_preamp0_feb26.csv,feb26,0,compton_edge,337.6918081947274,85.08139838616361,441.0165549888352,112.5988127144346,13.902989537762322,102.71430989310656,18.318190346775104,135.33351853133564,2.58359536066351,37.318277267836486,90.03733380420877,1460.7704218429687,309.87000000000006,348.15000000000015,-0.0732064860952124,0.9249176631926564,32.51620175194132,275.4949797350005,1.911821720182761,0.0562300505936106,1.317572044272962,0.0046240263694646,-3.916731068524743,2.043277475970123,10.26030551199777,194.855254120957,86.63614451187807,256.73583550947683,115.11667585339278,-0.021419947134553,0.0012094481092026,-0.0162571354087682,0.0009197083908823,16.34397129961393,0.3044853144880668,0.0767488901962965,-0.021419947134553,-0.0162571354087682,0.0009197083908823
calibration/feb_24/preamp_0/Cs_22.1C_preamp0_feb24.csv,feb24,0,backscatter_peak,146.10009992218622,9.37368034601796,188.58067625443417,12.536594773991968,10.61228656834244,13.816078073413436,13.982452108261445,18.203744371694786,4.439946401797223,6.841540313727094,118.10726984500336,238.2525735675259,130.35000000000002,171.27000000000004,0.0537702824536167,0.1989343699341979,1.0119847802163284,35.754236391013656,0.1155217530321669,0.0032089375842268,1.317572044272962,0.0046240263694646,-3.916731068524743,2.043277475970123,0.0,189.5196967304453,25.528674978897467,249.7058542511245,33.802166341300484,-0.0184895636454032,0.0011403899102719,-0.014033057035303,0.0008669237871286,13.342763680604053,0.2878761809408124,0.0779306609861488,-0.0184895636454032,-0.014033057035303,0.0008669237871286
calibration/feb_24/preamp_0/Cs_22.1C_preamp0_feb24.csv,feb24,0,compton_edge,335.6197966526315,23.74547036697446,438.28653050555874,31.39140393224974,8.701681284119017,35.10155371301747,11.465091998128466,46.24884338596538,1.0939958761055262,4.826343452764058,23.86210714600572,142.6446977172627,313.8300000000001,349.4700000000001,-0.0275839592624562,0.1708089139510339,16.66310980678935,52.79107559660995,1.9992806188541308,0.0644929231888429,1.317572044272962,0.0046240263694646,-3.916731068524743,2.043277475970123,0.0,189.5196967304453,25.528674978897467,249.7058542511245,33.802166341300484,-0.0184895636454032,0.0011403899102719,-0.014033057035303,0.0008669237871286,13.342763680604053,0.2878761809408124,0.0779306609861488,-0.0184895636454032,-0.014033057035303,0.0008669237871286
cs gain setting/Cs_possible_calcurve_feb_24.csv,feb24,0,backscatter_peak,144.50167656690914,5.187995274459729,186.4746383266081,7.165632815541354,9.649159802957628,9.671341502705772,12.713463207099371,12.74276730827756,4.707808827813539,4.196869293581021,113.8670979060868,152.73993869385947,126.39000000000004,164.67000000000007,0.1028057074819848,0.1040102771222222,-6.22685517670006,16.920731227003113,6.250811375849785,0.1894185265409025,1.317572044272962,0.0046240263694646,-3.916731068524743,2.043277475970123,0.0,190.88905604906083,25.7774997771742,251.51008380789705,34.128219829102754,-0.0191498964404817,0.0011598263715813,-0.0145342309923164,0.0008817520873805,13.523909033115594,0.2921059513138982,0.0826673455948817,-0.0191498964404817,-0.0145342309923164,0.0008817520873805
cs gain setting/Cs_possible_calcurve_feb_24.csv,feb24,0,compton_edge,335.39073261597,25.250033659272603,437.9847221345052,33.3674855968561,9.135773641061713,34.72938024400378,12.03703995226872,45.75848002420779,1.1348394976378675,5.042640810085663,25.98781146717112,151.9692256933875,308.5500000000001,349.4700000000001,-0.0261800946620332,0.1775039567890974,16.143682509528315,54.5118502608094,2.004655974810394,0.0556848881891776,1.317572044272962,0.0046240263694646,-3.916731068524743,2.043277475970123,0.0,190.88905604906083,25.7774997771742,251.51008380789705,34.128219829102754,-0.0191498964404817,0.0011598263715813,-0.0145342309923164,0.0008817520873805,13.523909033115594,0.2921059513138982,0.0826673455948817,-0.0191498964404817,-0.0145342309923164,0.0008817520873805
cs gain setting/Cs_trial_feb_19.csv,,0,backscatter_peak,115.9170364974566,1.3385882739282358,148.8123156754927,2.751885272726022,8.07259045721922,2.1513596573305804,10.636219511296732,2.834817112445141,33.38095046764994,6.926240211499245,675.4629815794541,228.13818695780347,96.03000000000004,132.99000000000007,-0.1739892058327107,0.2320690759905746,66.10936875713867,24.12846620749808,39.71308422832115,1.28106723317165,1.317572044272962,0.0046240263694646,-3.916731068524743,2.043277475970123,0.0,139.50626259550614,7.555495298565805,183.80955159684163,10.446647588272835,-0.1649234865380787,0.0139768236736304,-0.1251722721766488,0.0106171067143357,72.70095914157885,2.729373544660169,0.9858587641325184,-0.1649234865380787,-0.1251722721766487,0.0106171067143357
cs gain setting/Cs_trial_feb_19.csv,,0,compton_edge,255.4232990929628,7.435972743330343,332.6218672723343,10.077676978317983,9.361125946314498,10.4279221383903,12.33395784978226,13.73960687513788,10.17777307064872,14.34437876345082,238.82005053833984,429.0305945746854,231.99000000000007,268.9500000000001,-0.3408090225790978,0.4903399928888511,115.33624272279845,111.16899023625254,6.267055819497143,0.1958454943592857,1.317572044272962,0.0046240263694646,-3.916731068524743,2.043277475970123,0.0,139.50626259550614,7.555495298565805,183.80955159684163,10.446647588272835,-0.1649234865380787,0.0139768236736304,-0.1251722721766488,0.0106171067143357,72.70095914157885,2.729373544660169,0.9858587641325184,-0.1649234865380787,-0.1251722721766487,0.0106171067143357
data/feb_26/cs137/Cs_22.4C_feb26_run1.csv,feb26,0,backscatter_peak,144.02891116149974,3.6857679174600513,185.8517358449413,11.553168694199424,8.4037571836115,5.28639597134264,11.072555531984593,6.96531594452094,4.557576184895195,1.9689725751206828,96.00577698891638,73.26371062311841,123.75000000000006,167.31000000000006,0.0707195116128873,0.0628507713844647,1.451334509271535,9.866417694809416,8.856183980139283,0.2270816405163918,1.317572044272962,0.0046240263694646,-3.916731068524743,2.043277475970123,10.26030551199777,189.3162807699308,15.789730446783194,249.4378390681917,25.583745653577747,-0.0217626762697999,0.0012261400996639,-0.0165172571506771,0.0009324093803983,16.371637318567387,0.3068013748903728,0.0722803671689163,-0.0217626762697999,-0.0165172571506771,0.0009324093803983
data/feb_26/cs137/Cs_22.4C_feb26_run1.csv,feb26,0,compton_edge,333.3451919314305,15.353524104930909,435.289574913133,22.826570806635164,10.208493907921635,22.0038018441358,13.450426187208388,28.99163260677536,1.4300922611973637,2.793744275254194,36.59448710602682,106.45315273455653,301.9500000000001,352.11000000000007,-0.0317533676652606,0.085107970288399,19.75735960714745,25.743863990373296,2.2512893400324625,0.0489410726094013,1.317572044272962,0.0046240263694646,-3.916731068524743,2.043277475970123,10.26030551199777,189.3162807699308,15.789730446783194,249.4378390681917,25.583745653577747,-0.0217626762697999,0.0012261400996639,-0.0165172571506771,0.0009324093803983,16.371637318567387,0.3068013748903728,0.0722803671689163,-0.0217626762697999,-0.0165172571506771,0.0009324093803983
data/mar_3/cs137/Cs_22.5C_mar3_run1.csv,mar3,0,backscatter_peak,154.46633821033868,6.3616013053632905,199.60379793862992,16.875137220541898,11.547601817175549,10.453981987171256,15.21479733270616,13.77397791670251,2.720514268328291,2.08595515652464,78.74676877313743,93.42249337240564,132.99000000000007,181.83000000000004,0.0076209188265404,0.0493796472293257,2.76868960173893,9.194202880542056,0.0825760133277424,0.0018767275756305,1.317572044272962,0.0046240263694646,-3.916731068524743,2.043277475970123,14.485489268493806,198.95550333660367,1671.0984393842164,262.13820925056496,2201.89050264453,-0.0097923973982865,0.0006247737636928,-0.0074321532859252,0.0004749024831165,6.091588165265431,0.1676361110279645,0.0677002072975411,-0.0097923973982865,-0.0074321532859252,0.0004749024831165
data/mar_3/cs137/Cs_22.5C_mar3_run1.csv,mar3,0,compton_edge,353.42184154694235,1671.086330547047,461.7420071891949,2201.82583675003,36.27219706043232,2134.5032630806336,47.79123283118553,2812.361832845807,8.39678541025566,1201.9052202273213,763.4434103311515,118152.93598795752,319.11000000000007,353.4300000000001,-0.1016001096030848,11.235291317330464,29.91844684646194,2771.656069568872,1.9004177718282265,0.0655316473044216,1.317572044272962,0.0046240263694646,-3.916731068524743,2.043277475970123,14.485489268493806,198.95550333660367,1671.0984393842164,262.13820925056496,2201.89050264453,-0.0097923973982865,0.0006247737636928,-0.0074321532859252,0.0004749024831165,6.091588165265431,0.1676361110279645,0.0677002072975411,-0.0097923973982865,-0.0074321532859252,0.0004749024831165
data/mar_5/cs137/Cs_21.9C_mar5_run1.csv,mar5,0,backscatter_peak,151.56533106300492,10.695677027768332,195.7815120210669,14.256920694446285,10.637101311847363,17.758426013441245,14.015147320589335,23.39805736409227,3.3308141127690467,6.69180999369432,88.8103590644841,231.9887482851732,136.95000000000005,173.91000000000005,0.0287799075802972,0.175645145689899,0.4721858837884863,32.84317897305903,0.0300882908507864,0.000940259089087,1.317572044272962,0.0046240263694646,-3.916731068524743,2.043277475970123,0.0,203.1846689366091,756.0531462491292,267.710439615733,996.1602777094364,-0.011318254055339,0.0007379879033213,-0.0085902354292774,0.000560922735236,7.505362956916123,0.1970452446495875,0.0776427313033889,-0.011318254055339,-0.0085902354292774,0.000560922735236
data/mar_5/cs137/Cs_21.9C_mar5_run1.csv,mar5,0,compton_edge,354.74999999961403,755.9774880551172,463.4919516367999,996.05825085607,30.31499647507395,783.8836369402071,39.94219187779082,1032.8231755080426,7.805909381809185,554.4338360694346,593.1587776461768,44835.632331545785,304.5900000000001,354.75000000000006,-0.1377426741164744,7.10427823978507,44.13981878763794,1964.5196886258773,2.423338523524941,0.0538519671894431,1.317572044272962,0.0046240263694646,-3.916731068524743,2.043277475970123,0.0,203.1846689366091,756.0531462491292,267.710439615733,996.1602777094364,-0.011318254055339,0.0007379879033213,-0.0085902354292774,0.000560922735236,7.505362956916123,0.1970452446495875,0.0776427313033889,-0.011318254055339,-0.0085902354292774,0.000560922735236
data/thickness_effects_behind/Al thickness/Al_16cmpmt_1.3cmthick.csv,feb26,0,backscatter_peak,139.5074600225272,4.646596374472143,179.89439822468492,6.486352125253431,8.324011409658139,6.1574802634172405,10.967484729574734,8.1130151635643,3.812255171649346,1.9300772907525088,79.5434755960337,71.30197467426342,115.83000000000004,164.67000000000007,0.0547225989264306,0.0563255651130241,11.03302043235621,8.100466602807403,14.7989958420098,0.3363408145911318,1.317572044272962,0.0046240263694646,-3.916731068524743,2.043277475970123,0.0,204.6825398750097,536.0365755028532,269.6839924900986,706.2748057267552,-0.026519658959372,0.0013842219903529,-0.0201276727710215,0.0010529574988138,23.23267964856474,0.3515994094064057,0.0788833268804352,-0.026519658959372,-0.0201276727710215,0.0010529574988138
data/thickness_effects_behind/Al thickness/Al_16cmpmt_1.3cmthick.csv,feb26,0,compton_edge,344.1899998975369,536.0164357731569,449.5783907147835,706.2450201172911,37.25101101317909,556.3240651166944,49.08089073186899,732.997055992836,21.758605427754315,889.7095107666264,2031.6975418226025,88443.76273606943,284.79,344.1900000000001,-0.298915818377002,9.266563452193518,94.3407821593008,2298.0225183051293,1.5952585461845512,0.0290047008397191,1.317572044272962,0.0046240263694646,-3.916731068524743,2.043277475970123,0.0,204.6825398750097,536.0365755028532,269.6839924900986,706.2748057267552,-0.026519658959372,0.0013842219903529,-0.0201276727710215,0.0010529574988138,23.23267964856474,0.3515994094064057,0.0788833268804352,-0.026519658959372,-0.0201276727710215,0.0010529574988138
data/thickness_effects_behind/Al thickness/Al_16cmpmt_14.7cmthick.csv,feb26,0,backscatter_peak,139.22899013658898,3.8517336001140814,179.52749408780085,5.508578763754478,7.282788599060022,4.621178067174435,9.595598662471334,6.088828159917846,4.164348199081871,1.9457559283670456,76.02119172796674,59.904897941410326,113.19000000000004,165.99000000000007,0.0302000535834524,0.0496694012077235,17.921353034372824,7.043463103312914,16.932024787023522,0.3602558465324154,1.317572044272962,0.0046240263694646,-3.916731068524743,2.043277475970123,0.0,196.9901899879125,17.695555574552948,259.54876732409303,23.553738830775075,-0.0148802862279284,0.0047572077428025,-0.0112937173284815,0.0036108039722702,23.273548360969908,1.1730308000090388,0.6912393207840279,-0.0148802862279284,-0.0112937173284815,0.0036108039722702
data/thickness_effects_behind/Al thickness/Al_16cmpmt_14.7cmthick.csv,feb26,0,compton_edge,336.2191801245015,17.27127196722477,439.0762614118939,22.900527786753624,7.667310506393812,24.61041972084534,10.102233977984854,32.42602040421512,1.8621602522678464,6.5176279115767,35.789039087146435,169.9620408988327,313.8300000000001,348.15000000000015,-0.1909274779605069,0.2705061241296462,78.1494761672653,84.52261135349835,1.8354348747675129,0.0611811624922504,1.317572044272962,0.0046240263694646,-3.916731068524743,2.043277475970123,0.0,196.9901899879125,17.695555574552948,259.54876732409303,23.553738830775075,-0.0148802862279284,0.0047572077428025,-0.0112937173284815,0.0036108039722702,23.273548360969908,1.1730308000090388,0.6912393207840279,-0.0148802862279284,-0.0112937173284815,0.0036108039722702
data/thickness_effects_behind/Al thickness/Al_16cmpmt_2.3cmthick.csv,feb26,0,backscatter_peak,138.70520858366137,2.9440836185921646,178.83737415635755,4.430949746882427,6.640743799307876,3.6485822904388825,8.749658383147073,4.807368098226481,7.301340014636617,2.8652536941882474,121.53720177276666,82.05935445428943,115.83000000000004,159.39000000000004,0.1160983007530879,0.0912674441027803,23.92783624520976,12.248523714214356,29.9168112440763,0.7670977242070846,1.317572044272962,0.0046240263694646,-3.916731068524743,2.043277475970123,0.0,206.8047914163357,357.41648188656,272.48021179186486,470.93397694355474,-0.0585364205366569,0.002871904320555,-0.0444274913019708,0.0021852638238547,48.686966963315214,0.7312913899657532,0.1704699563749231,-0.058536420536657,-0.0444274913019708,0.0021852638238547
data/thickness_effects_behind/Al thickness/Al_16cmpmt_2.3cmthick.csv,feb26,0,compton_edge,345.50999999999704,357.4043562910397,451.3175859482224,470.91313139921374,38.745936142026046,370.8610524093238,51.0505622899189,488.6361878097834,49.84571524352461,1308.367274104099,4841.098561515825,135255.74494766153,284.79,345.51000000000005,-0.6680292686391163,13.109433030584476,206.90885495701053,3218.3293883684605,3.0141991450780545,0.0538249847335366,1.317572044272962,0.0046240263694646,-3.916731068524743,2.043277475970123,0.0,206.8047914163357,357.41648188656,272.48021179186486,470.93397694355474,-0.0585364205366569,0.002871904320555,-0.0444274913019708,0.0021852638238547,48.686966963315214,0.7312913899657532,0.1704699563749231,-0.058536420536657,-0.0444274913019708,0.0021852638238547
data/thickness_effects_behind/Pb thickness/Pb_13.2cmpmt_0.1cmthick.csv,mar3,0,backscatter_peak,140.10521523519697,4.683439322490118,180.68198378221703,6.532463498784617,9.875626666114297,6.2795906366581535,13.011849614948789,8.273939089857642,4.264296394650184,1.9019240268820088,105.5606318408942,81.988308777508,107.91000000000004,165.99000000000007,0.0701221327033649,0.0501339783378101,7.842184634326463,6.10321429657349,13.925336901009574,0.2627422056794259,1.317572044272962,0.0046240263694646,-3.916731068524743,2.043277475970123,0.0,208.04478476480315,434.6864919392418,274.11399236289,572.7406882580025,-0.0264593623754595,0.0013429828951678,-0.0200819093653887,0.0010217197658823,22.92509493209176,0.3451183220183728,0.079867481812686,-0.0264593623754595,-0.0200819093653887,0.0010217197658823
data/thickness_effects_behind/Pb thickness/Pb_13.2cmpmt_0.1cmthick.csv,mar3,0,compton_edge,348.1500000000001,434.661260834868,454.79597614510703,572.7034336433538,38.47774308126018,451.3821808331378,50.697198610585794,594.728569362757,26.408410088465185,847.2991161841934,2547.07527501483,87012.64254273436,286.11000000000007,348.15000000000015,-0.3648679706051265,8.53961039437027,112.52967160157186,2124.1835446593923,1.8851003919871765,0.0330719367015294,1.317572044272962,0.0046240263694646,-3.916731068524743,2.043277475970123,0.0,208.04478476480315,434.6864919392418,274.11399236289,572.7406882580025,-0.0264593623754595,0.0013429828951678,-0.0200819093653887,0.0010217197658823,22.92509493209176,0.3451183220183728,0.079867481812686,-0.0264593623754595,-0.0200819093653887,0.0010217197658823
data/thickness_effects_behind/Pb thickness/Pb_13.2cmpmt_14.5cmthick.csv,mar3,0,backscatter_peak,140.17809205238487,4.824268650360768,180.77800423921943,6.708051326026339,11.168688272367042,6.830451578363848,14.7155514388701,8.999760228727675,4.527758446627568,1.8785222768154093,126.7579926902592,93.67694662596566,109.23000000000002,169.95000000000005,0.0571412766079877,0.0442581720024277,9.370013981732429,6.112642313382392,13.80489648026454,0.2509981178229916,1.317572044272962,0.0046240263694646,-3.916731068524743,2.043277475970123,0.0,206.6519079472412,509.7553658902309,272.2787768069544,671.6478630773659,-0.0256934794707369,0.0013561268369809,-0.0195006258537571,0.0010315347608107,22.75889358657233,0.3465695081708049,0.0785741820564931,-0.0256934794707369,-0.0195006258537571,0.0010315347608107
data/thickness_effects_behind/Pb thickness/Pb_13.2cmpmt_14.5cmthick.csv,mar3,0,compton_edge,346.829999999626,509.7325372054175,453.05678104617385,671.6143640689941,37.38155634292794,528.6725191589842,49.25289360885647,696.5641532661258,25.13411873884526,976.6498561099704,2355.108801254576,97386.5573888354,288.75000000000006,346.8300000000001,-0.353665749425498,10.15070488333683,109.78148018213274,2541.683635377169,1.8277347528067176,0.0344855613737116,1.317572044272962,0.0046240263694646,-3.916731068524743,2.043277475970123,0.0,206.6519079472412,509.7553658902309,272.2787768069544,671.6478630773659,-0.0256934794707369,0.0013561268369809,-0.0195006258537571,0.0010315347608107,22.75889358657233,0.3465695081708049,0.0785741820564931,-0.0256934794707369,-0.0195006258537571,0.0010315347608107
data/thickness_effects_behind/Pb thickness/Pb_13.2cmpmt_7.5cmthick.csv,mar3,0,backscatter_peak,139.9435523481853,4.561587844403794,180.46898128169403,6.3809463744773325,10.694432949806842,6.026837957044315,14.090685884017123,7.940947185338226,4.332459062482619,1.6843431336504118,116.14009150617215,79.51416052249203,105.27000000000004,169.95000000000005,0.0628932025413562,0.0385153820880802,8.702382499593945,4.938680838706836,13.739822137468996,0.2328783413130338,1.317572044272962,0.0046240263694646,-3.916731068524743,2.043277475970123,0.0,206.8864476518148,501.5349515457822,272.58779976497266,660.8170122744002,-0.0262379708130882,0.0013649993422245,-0.0199138794171717,0.001038350608656,22.884763909902286,0.3484498396999215,0.080618178246942,-0.0262379708130882,-0.0199138794171717,0.001038350608656
data/thickness_effects_behind/Pb thickness/Pb_13.2cmpmt_7.5cmthick.csv,mar3,0,compton_edge,346.83000000000004,501.5142067163879,453.0567810466667,660.7862038773441,37.13892264134931,519.9590775998713,48.933206226658,685.083566335679,25.46188117724733,979.8390790204064,2370.3349627256525,97065.7302429201,288.75000000000006,346.8300000000001,-0.3598585023825485,10.25256996120742,111.56968696265736,2573.7894951056915,1.7056636950179809,0.0321823338682637,1.317572044272962,0.0046240263694646,-3.916731068524743,2.043277475970123,0.0,206.8864476518148,501.5349515457822,272.58779976497266,660.8170122744002,-0.0262379708130882,0.0013649993422245,-0.0199138794171717,0.001038350608656,22.884763909902286,0.3484498396999215,0.080618178246942,-0.0262379708130882,-0.0199138794171717,0.001038350608656
data/thickness_effects_behind/Pb thickness/Pb_15.3cmpmt_4.8cmthick.csv,feb26,0,backscatter_peak,140.46619143140632,4.653040439694451,181.1575959269905,6.494808464017884,9.103031326161071,6.148218592924154,11.993899593490855,8.100830299506345,3.942786439594327,1.8237331830542045,89.96616862939389,73.64716878853217,114.51000000000003,168.63000000000005,0.0534280876249258,0.0483563692867748,10.836215815390313,7.1593993439969,13.76340067110628,0.2808857279817608,1.317572044272962,0.0046240263694646,-3.916731068524743,2.043277475970123,0.0,202.4038085638475,725.8529363554628,266.68159981810174,956.36943737122,-0.025741270494218,0.0014050883104631,-0.0195368978919267,0.0010686242667944,23.077070675963885,0.3554686830778839,0.0773279896143309,-0.025741270494218,-0.0195368978919267,0.0010686242667944
data/thickness_effects_behind/Pb thickness/Pb_15.3cmpmt_4.8cmthick.csv,feb26,0,compton_edge,342.8699999952538,725.8380221719679,447.8391957450922,956.3473836429728,32.229840156826015,756.3727701602281,42.46513638202005,996.5756281557876,17.55128353913256,1128.0036550501904,1417.9371072029958,97014.85009294044,295.3500000000001,342.87000000000006,-0.2845002980950493,13.566331929016467,93.68813845271846,3521.0036499033,1.5838991750393316,0.037711885119984,1.317572044272962,0.0046240263694646,-3.916731068524743,2.043277475970123,0.0,202.4038085638475,725.8529363554628,266.68159981810174,956.36943737122,-0.025741270494218,0.0014050883104631,-0.0195368978919267,0.0010686242667944,23.077070675963885,0.3554686830778839,0.0773279896143309,-0.025741270494218,-0.0195368978919267,0.0010686242667944
data/thickness_effects_behind/Pb thickness/Pb_booster_USED_AS_CONTROL_FOR_7.5CM_RUN.csv,mar3,0,backscatter_peak,139.75934499670805,4.617054581948437,180.22627482503805,6.449743159572776,10.563672865982872,6.363181566929182,13.918400053063872,8.384092439721893,4.417518062339234,1.7959156701955024,116.9723490906145,85.00607305065955,110.55,169.95000000000005,0.0583079497131461,0.0432586460973614,9.326418279179975,6.217542477094173,13.776754398011246,0.2551250814446527,1.317572044272962,0.0046240263694646,-3.916731068524743,2.043277475970123,0.0,211.02824079733912,402.66460753706673,278.04491062667694,530.5503725111158,-0.028005849825333,0.0013468798248657,-0.0212556496982954,0.0010249619642028,23.21095215754594,0.3478889133377988,0.0851526776211956,-0.028005849825333,-0.0212556496982954,0.0010249619642028
data/thickness_effects_behind/Pb thickness/Pb_booster_USED_AS_CONTROL_FOR_7.5CM_RUN.csv,mar3,0,compton_edge,350.7875857940472,402.638136507171,458.271185451715,530.5111672574474,42.581783124857886,419.9255150338436,56.10456704060692,553.2821543212862,33.1072456554848,891.7286912132031,3533.758199167762,101359.2173851208,287.4300000000001,350.79000000000013,-0.4235687434905298,8.109201840051293,125.98836719069924,1951.1387982426943,1.7966580941012875,0.0309768636914015,1.317572044272962,0.0046240263694646,-3.916731068524743,2.043277475970123,0.0,211.02824079733912,402.66460753706673,278.04491062667694,530.5503725111158,-0.028005849825333,0.0013468798248657,-0.0212556496982954,0.0010249619642028,23.21095215754594,0.3478889133377988,0.0851526776211956,-0.028005849825333,-0.0212556496982954,0.0010249619642028
data/thickness_effects_in_front/Pb_11cmpmt_tosource_10cmthick.csv,mar3,0,backscatter_peak,68.38846511974442,3.147676406734163,86.18999872398707,4.63411288976112,4.648058344060289,3.4674582603093063,6.1241517342835134,4.568676623655368,0.5353596372506686,0.3632508303596774,6.237450757267801,6.289948848701224,40.59000000000003,85.47000000000003,0.0004081208895518,0.0067640261425476,0.213711220792533,0.3899322283767888,0.3982410520329214,0.009956026300823,1.317572044272962,0.0046240263694646,-3.916731068524743,2.043277475970123,0.0,76.48153488164,566.7397310867608,100.76993226313624,746.726384563482,0.0015804795683737,0.0006388904622126,0.001199539391598,0.0004849181053424,0.1674724664252167,0.0680387671047047,0.0373795262341064,0.0015804795683737,0.001199539391598,0.0004849181053424
data/thickness_effects_in_front/Pb_11cmpmt_tosource_10cmthick.csv,mar3,0,compton_edge,144.87000000138443,566.7309899110269,186.95993098712333,746.7120049932063,17.672661359608746,594.1385076661775,23.28500455532348,782.8202923923404,3.043925373403999,277.39723397553524,134.84221896450634,13097.877529115667,144.87000000000006,169.95000000000005,0.0604194108443912,6.051355855074936,-11.14572710137596,1154.4633758218313,0.0454571665146366,0.0022728583257318,1.317572044272962,0.0046240263694646,-3.916731068524743,2.043277475970123,0.0,76.48153488164,566.7397310867608,100.76993226313624,746.726384563482,0.0015804795683737,0.0006388904622126,0.001199539391598,0.0004849181053424,0.1674724664252167,0.0680387671047047,0.0373795262341064,0.0015804795683737,0.001199539391598,0.0004849181053424
data/thickness_effects_in_front/Pb_11cmpmt_tosource_5cmthick.csv,mar3,0,backscatter_peak,67.37931736568956,3.8610920340292987,84.86037385470354,5.4911146016235834,4.779118234441766,4.431827313278327,6.296832581975626,5.839293589494126,0.617436535989014,0.47945479736018604,7.396564246803908,8.946280311093483,30.03000000000003,85.47000000000003,0.005410563418625492,0.008662122762431272,0.3036599176047946,0.43219746072848103,0.2710187205263694,0.005420374410527388,1.317572044272962,0.0046240263694646,-3.916731068524743,2.043277475970123,0.0,87.1069035158958,5.51034668780863,114.76962093572646,7.852959872509866,0.008832719676719275,0.0011579151071339521,0.006703784977157118,0.0008791397533758052,0.038104335724210694,0.12585153898992263,0.06287167717902337,0.008832719676719275,0.006703784977157118,0.0008791397533758052
data/thickness_effects_in_front/Pb_11cmpmt_tosource_5cmthick.csv,mar3,0,compton_edge,154.48622088158535,3.9313978334174,199.62999479043,5.613968221417578,10.316312008206078,5.196813645135942,13.592484302009787,6.84734254435514,1.4134883617824647,0.4875545328517501,36.551620814527254,22.31559453528106,127.71000000000004,183.15000000000003,-0.0061565874729033855,0.011142321103238517,1.6906117222433805,1.914348233910395,0.7488764303304227,0.014683851575106328,1.317572044272962,0.0046240263694646,-3.916731068524743,2.043277475970123,0.0,87.1069035158958,5.51034668780863,114.76962093572646,7.852959872509866,0.008832719676719275,0.0011579151071339521,0.006703784977157118,0.0008791397533758052,0.038104335724210694,0.12585153898992263,0.06287167717902337,0.008832719676719275,0.006703784977157118,0.0008791397533758052
